Institution types,Loan Count,Average Current Balance,Max Current Balance,Min Current Balance
Bank Owned Mortgage Company - National,187.0,242899.80213903743,720000.0,43225.0
Community Banks,499.0,211839.96392785572,729750.0,28500.0
Credit Unions,374.0,175149.60160427808,578250.0,22500.0
Mortgage Banker - (Large),279.0,260374.3835125448,729750.0,59000.0
Mortgage Banker - Bank Owned,661.0,236262.68986384265,625500.0,25018.0
Total,2000.0,1126526.4410475586,3383250.0,178243.0
